{
  "cacheBootResources": true,
  "config": [ ],
  "debugBuild": false,
  "entryAssembly": "BlazorWasm",
  "icuDataMode": 0,
  "linkerEnabled": true,
  "resources": {
    "assembly": {
      "Blazored.LocalStorage.dll": "sha256-XgrfVsYTVqovAv5zSPGrx0SvVJ10XyISiP8HP2gbVVo=",
      "Blazored.Typeahead.dll": "sha256-UzBX1AnzM7b98cHBNoqM3Q7GKD9ImW4RKOGV8cPMZHI=",
      "Bunit.Core.dll": "sha256-4uB2AhemXtM2AQD1wECTUR7RpS2lrgqAKCOcYN84i\/g=",
      "Humanizer.dll": "sha256-\/aBQMxFZTDHVAKaHAs8usGmK+auoYxXIKFo\/C9Q2usI=",
      "Microsoft.AspNetCore.Authentication.Abstractions.dll": "sha256-0KP5scHKD9+7nEBE\/fcug5EGjCqhMYNp1FScSbr6MRg=",
      "Microsoft.AspNetCore.Components.dll": "sha256-B8jF5nqi9GXywmhcL58aJtubLZ9uaD6O\/RB+kqCel28=",
      "Microsoft.AspNetCore.Components.Forms.dll": "sha256-3fcmDlOobpG4zJKTs33t0NiohVCtrm5NGae\/TxsMSE0=",
      "Microsoft.AspNetCore.Components.Web.dll": "sha256-sW\/h2vrwHt+4jt1wvL36uL+nMRtIoaK4JN3H7vfgw90=",
      "Microsoft.AspNetCore.Components.WebAssembly.dll": "sha256-EAR3R2FA02KCscnz18NstXyyQpsdm2UlsljYn7GGoRQ=",
      "Microsoft.AspNetCore.Http.Abstractions.dll": "sha256-S0AR\/VoGGVQDr1pbbznTFZzTiKdOyZqrwFrpxQ9hNyk=",
      "Microsoft.AspNetCore.Http.Features.dll": "sha256-+BnmchT3cKhIWi+FM1xLhXSHNtNDxUX1EK6+or8\/Hz0=",
      "Microsoft.AspNetCore.Mvc.Abstractions.dll": "sha256-SyyQXkFbED4CScxGxzUf4uw7PqbvDzcNYHnF8u1m5Gw=",
      "Microsoft.AspNetCore.Mvc.Core.dll": "sha256-ADN1nlomHjo+qL1ZGWLxPBZkO+yiD361gYbUFhL9MAI=",
      "Microsoft.AspNetCore.Razor.Language.dll": "sha256-A5gfiqCVNd\/2aXNzh3B9C4s1g8qKVTY1\/Wj4lXwvd\/4=",
      "Microsoft.AspNetCore.Routing.Abstractions.dll": "sha256-02gLjzgKNTr5j9yQooeLzAVCCUtd8jjAhbFPOFOH5YY=",
      "Microsoft.Bcl.AsyncInterfaces.dll": "sha256-ixhJ3lZQJD5nwIM3KP6xmt3WgYQbFLmg2vUif34HYI8=",
      "Microsoft.CodeAnalysis.dll": "sha256-xGMwVzvQJuP\/1sEP7lCSz2w9lrS2jHQMRSUOrX2+D5g=",
      "Microsoft.CodeAnalysis.CSharp.dll": "sha256-2WFwRgJgGa5HBHclud\/yxAdsFM8RAgz7fGz2qTKWyJs=",
      "Microsoft.CodeAnalysis.CSharp.Workspaces.dll": "sha256-GyEJ9vMt52CbCE4GIqx3MFnRAaOok6E4DqbtrbAMOBA=",
      "Microsoft.CodeAnalysis.Razor.dll": "sha256-GxSJ7fGLofVvDDdE6lH9ETCiD8zaxY0J5CJl24pJO7I=",
      "Microsoft.CodeAnalysis.Workspaces.dll": "sha256-T+aQp\/8zoygtlV0DhmxrUB1PD5dh774\/qGEEtR0pivU=",
      "Microsoft.Data.SqlClient.dll": "sha256-BHvR\/GPUN5x88eKOPCqktEhoHp3h4i1pWpDcvoQ7jMQ=",
      "Microsoft.DotNet.PlatformAbstractions.dll": "sha256-i45Vl5JIP6brQ4kHqc3EHhls213+\/t322+FOE5iyRY0=",
      "Microsoft.EntityFrameworkCore.dll": "sha256-nT4VftLHCJe8dKF7A+6pAXsdgMAmtR8cBzlUP8+1pBU=",
      "Microsoft.EntityFrameworkCore.Abstractions.dll": "sha256-ASpZeI+o3NUtBjOC+k0IVkyFNMlwzoRZcsk8O7Ndlcg=",
      "Microsoft.EntityFrameworkCore.Relational.dll": "sha256-4+fd3UNPIxnyuxZwaTqNRBWzs3MOLThWh3EbHc8SFbk=",
      "Microsoft.EntityFrameworkCore.SqlServer.dll": "sha256-+bgHrd1vqEmL7vBUeTm33F+8jz01tBuxIgDrEKomyMg=",
      "Microsoft.Extensions.Caching.Abstractions.dll": "sha256-av8Qng42BNerRiZf1HhL3MAGxzmQVjs5L0Sd3ZTZUuk=",
      "Microsoft.Extensions.Caching.Memory.dll": "sha256-Km3khr3evy7nL3g\/OwW6xhuwr5dVLmsAW1scDzOPC2c=",
      "Microsoft.Extensions.Configuration.dll": "sha256-rmQCSYMwd1I6QoZ9QjWf+UJldG6tNgk44xQiMKTA14g=",
      "Microsoft.Extensions.Configuration.Abstractions.dll": "sha256-zG5MIWwoFuITED6wm2phi+pz5P6MnfrXoxN3hvZ3q6c=",
      "Microsoft.Extensions.Configuration.Json.dll": "sha256-hLk\/1JY4d7hbhOyEFD4fXa2AvVeJWjiayU6GPp32aTw=",
      "Microsoft.Extensions.DependencyInjection.dll": "sha256-\/KAWLMNh2FgM7hE8nAUqbuT3rvglN2oo67Fj+hva\/sk=",
      "Microsoft.Extensions.DependencyInjection.Abstractions.dll": "sha256-yk6zJ\/c8xaCsc\/dry5rbRvkTwqzkp2pJ9PaqhULxvJI=",
      "Microsoft.Extensions.FileProviders.Abstractions.dll": "sha256-K5SjdK9VVnKUEbTidcdXcaQGI2S59khEcbwtTH9mOyY=",
      "Microsoft.Extensions.Logging.dll": "sha256-lOLUwOZEbd4BXJKn5qQ8WP36E1UfHiN\/dhJfCUCO+K8=",
      "Microsoft.Extensions.Logging.Abstractions.dll": "sha256-WeFzuCYZzmSQ0ULMlWS54eZXjvZkJCqr1eXjTzNiL90=",
      "Microsoft.Extensions.Options.dll": "sha256-c40jGzk6WhcRh7Ay6HH4B25Apva3p6O++FKNWsG91OY=",
      "Microsoft.Extensions.Primitives.dll": "sha256-X+sUoiO2qgWRpJTvFJDyt9ka0JE+7UHnyF8zFFR9mik=",
      "Microsoft.Identity.Client.dll": "sha256-8mhf5aYRa4cf9k8yc7fAevqbgnypWVFvv7tYi76XCTQ=",
      "Microsoft.IdentityModel.JsonWebTokens.dll": "sha256-CshXF4UBqvuUWihcIVbCeste+ixZZbR+Mg3HTErbJ3M=",
      "Microsoft.IdentityModel.Logging.dll": "sha256-BcgOIRPaOIxgwb9fnI7UuCJlJxpJsGYeN+YLYBlHcw4=",
      "Microsoft.IdentityModel.Protocols.dll": "sha256-g3CMkz9gsFXm\/T88VP7H+\/arD61fdWBycANSdXzwA+0=",
      "Microsoft.IdentityModel.Protocols.OpenIdConnect.dll": "sha256-iclkH419lqvQUuMLz4ID+wPU68UU5Mk1jy7RH77J7LU=",
      "Microsoft.IdentityModel.Tokens.dll": "sha256-tTmBF56CHaWT70zrWiTOo3U5dDJ4Ai\/GHxO0lsGjdok=",
      "Microsoft.JSInterop.dll": "sha256-3fY49Hh7q5dK6aWe8qcIHGNfPKijJUoB6fUY\/CpvTIo=",
      "Microsoft.JSInterop.WebAssembly.dll": "sha256-uUEihv0ckR\/y+ZrbS\/hxKIyLU+K+qYe6z1nc63kR\/iQ=",
      "Microsoft.Net.Http.Headers.dll": "sha256-Wvp5b2xB1gZg9yya2UqQycv2STns92xStLKpmRv5Aww=",
      "Microsoft.VisualStudio.Web.CodeGeneration.dll": "sha256-WoPRAsNmMyGLzMh0ET4Ec+dz84G634d0OQobzQ500Yw=",
      "Microsoft.VisualStudio.Web.CodeGeneration.Contracts.dll": "sha256-gYElVWC6OUZJA6H3sxbg6PyvROcNpHR5o9oKU1VTG8Q=",
      "Microsoft.VisualStudio.Web.CodeGeneration.Core.dll": "sha256-YJK80FjEoc70zYiKIzJJ6P1B\/Wg8FRW1NikbHyb0+k8=",
      "dotnet-aspnet-codegenerator-design.dll": "sha256-Ho2egKg1sRXT65oZeV6bWK9VmDRC8WLJ16BpojmdonQ=",
      "Microsoft.VisualStudio.Web.CodeGeneration.EntityFrameworkCore.dll": "sha256-pN5MfSVoymcYi\/g8Kle66q16jDbkcLgcJfR6y1cFUyY=",
      "Microsoft.VisualStudio.Web.CodeGeneration.Templating.dll": "sha256-xwIP6IMe8a8tEwGZRwslP9okZwbdkxPpCggi7bnQwxI=",
      "Microsoft.VisualStudio.Web.CodeGeneration.Utils.dll": "sha256-d8lPTkNWDIMU7C3dxNm5INNU2UMZa8KPsWRQoPL9X54=",
      "Microsoft.VisualStudio.Web.CodeGenerators.Mvc.dll": "sha256-5\/lYtUHyrN2DJ+qRcMGXozLeuREdO58sJSO8BY7Bnts=",
      "Microsoft.Win32.SystemEvents.dll": "sha256-bSOi+mE1atEh2PKWULf7bwuqhYpxQUeTy0Jc\/J9BY\/8=",
      "Newtonsoft.Json.dll": "sha256-dynSyVRw634jYoxRfV3ogqFeCGZk7RFbdDmfT1x04F0=",
      "System.Composition.AttributedModel.dll": "sha256-mAPYKf2pBLAXjbXM4JTVjP1GAV2QnHSa+o+8XhsaZ0Q=",
      "System.Composition.Convention.dll": "sha256-aQ2Y+fU7w8ZVbeF9fS5GvfNUmYrrXFw5RrnCoOppIrU=",
      "System.Composition.Hosting.dll": "sha256-TfgWIy4HsdhsUwsFXxbPSptGFBtOF0Jck\/d8814dcYg=",
      "System.Composition.Runtime.dll": "sha256-nk1d4gE4EFb0icSHezytX1vjK68kVb\/trodKjirjl4Y=",
      "System.Composition.TypedParts.dll": "sha256-M\/2TYuGp\/oumoalglniqhCOigtaGFUazT6FI3\/VgSgQ=",
      "System.Configuration.ConfigurationManager.dll": "sha256-BEvtSSOg5IPfPZIQJQHuo69LXKdHpbGMsJ2AY3Y+jLc=",
      "System.Drawing.Common.dll": "sha256-YuZXvPiqucu81zOCAO\/J4dmwBOOzIRV70HfBYyGnIBo=",
      "System.IdentityModel.Tokens.Jwt.dll": "sha256-JNf3OmduMx8+FiZysU3VaQFdOTzbGz0w5BCLNwoa2m4=",
      "System.IO.Pipelines.dll": "sha256-o\/PdJLBGKSgIYSBLq6l+GUStgsQ7K0l+eLIHhkVU1o0=",
      "System.Runtime.Caching.dll": "sha256-pOMx6F1i+JIor9vj4eAFonjR3VSGug3IieZs0PUZIcs=",
      "System.Security.Cryptography.ProtectedData.dll": "sha256-haiSkFK5Mh6a0dmwUhQkAAkpv19e0EcYbtnH5CDUJ4Q=",
      "System.Security.Permissions.dll": "sha256-Whv1n46b1fGphw4vgjM+1fjG523SEhlveHptYBO5HA0=",
      "System.Windows.Extensions.dll": "sha256-6wAKoX5ZXpDBEKAh6mrW+Ghdk3DKfL5aooZuGEhomiQ=",
      "BlazorWasm.dll": "sha256-jfR2sd6LV1JmqXnR3HPA2WO\/0FSFqokVgvGxVFLpygM=",
      "Microsoft.Win32.Primitives.dll": "sha256-PDCyOPhY5vbTAtHkDFVDN\/5vpC8dLoR06NhDoJdQPss=",
      "System.Collections.Concurrent.dll": "sha256-7NQk10P9jzWBbAeT5v\/XnTsAxgGPVGm7mhZXjUbehlk=",
      "System.Collections.Immutable.dll": "sha256-6JS5EWkY\/g1nP+DyzTUS4HDw9MVmL6FJp+NA1kvnsWA=",
      "System.Collections.NonGeneric.dll": "sha256-0wrYMyALiwcat3FNxNxpxna8I5AYDEujJCjFrmi4+zE=",
      "System.Collections.Specialized.dll": "sha256-WmOy68bYdXQAdBm90j1\/YNz16okLCkpiMee7E18nKlE=",
      "System.Collections.dll": "sha256-ya4i9vDwZ3rTwTSzM7nR4IFjS+bXNzcg1Zs7H2nYwUs=",
      "System.ComponentModel.Annotations.dll": "sha256-\/E4STk4it9+z7uOjkXyqlQ7EXVG\/5QJ+MZbjojtKqEs=",
      "System.ComponentModel.EventBasedAsync.dll": "sha256-mPACfO1ZisDc2GgS0SjWwcjsm+mNUpPgpeC2EqxqkIw=",
      "System.ComponentModel.Primitives.dll": "sha256-tg9ebX1cYW8+p3p98XaaJGhLa296swoanh8i8kvQWJo=",
      "System.ComponentModel.TypeConverter.dll": "sha256-KW\/oe1NvB4cHhoR7SBh9hn8ssxgip+aOnL8vrWnTnTw=",
      "System.ComponentModel.dll": "sha256-PPIpAucVIQN30uya+Lc\/KzEXLgEyrV38LevktDjpyxo=",
      "System.Console.dll": "sha256-HxExWnnlbrJcnfr89KYruOdQujq40qSRh1Lc1QcN4fI=",
      "System.Data.Common.dll": "sha256-Q4NatB4fKiEC\/Eu+1C4FcgTg5Hn8tdjeUO8emnMVd0E=",
      "System.Diagnostics.DiagnosticSource.dll": "sha256-Gsp3HAQ79XPHgk\/hPCtsPsDrX2RpRQWz5KMLI2skFgA=",
      "System.Diagnostics.FileVersionInfo.dll": "sha256-akI8lTeuYHVLddfWgtxdC5RJ4zzyAF+ebPZGTPevz8U=",
      "System.Diagnostics.Process.dll": "sha256-fQAI9FfpbwvmT1\/DwjRkBNZrGmDUcRSdbAG2+nUXyyQ=",
      "System.Diagnostics.TraceSource.dll": "sha256-WsGkvYo4PDZtdePeWl5u6s9EMwyPYQw\/x+dX+O1Ails=",
      "System.Drawing.Primitives.dll": "sha256-pNmQ\/fZwGEzIfjEzSLN1apTMcPLWT8gaE4fk2x+pLqQ=",
      "System.IO.Compression.dll": "sha256-je9iYWD7myl6u4Ha5VR7\/kvwpl51qr2WmgA87AiToVc=",
      "System.IO.FileSystem.Watcher.dll": "sha256-Utg5VHhdJ4jOLuVBKGL\/HJ1LNsdHWGKrgcMNrritKJQ=",
      "System.IO.FileSystem.dll": "sha256-yzi11sSQgsTSPy63qs5JICqfxcnucROBCbnD02Z+OoA=",
      "System.IO.MemoryMappedFiles.dll": "sha256-woYhK+ro9t5JE5fa6Ak5MKXJRhXsFXt9v5a+ZvAL6zg=",
      "System.Linq.Expressions.dll": "sha256-HtI+P5Ab49HgcigMV4Gtnau5LucWKkzFmzjQTaDKlUg=",
      "System.Linq.Queryable.dll": "sha256-8OZqfbCtDyIxuNDIUFfw01k+nbfEGiDHgGD8yDwfDhA=",
      "System.Linq.dll": "sha256-61tLltQiadGe80i7CLJxG9RtXgyPQk+otUOIkwwT+OY=",
      "System.Memory.dll": "sha256-RUUemNo3mK7C+Qa9N9pFePCqzMj0lLbOMccbTn00ods=",
      "System.Net.Http.dll": "sha256-JlIi+OZxJp2ZDA7jRtxHUGL+T+y+nlV3i0CCKCK29MU=",
      "System.Net.HttpListener.dll": "sha256-+NzSVmmjujr4S6LbN1xPPx3Ta7ntRb7ymvx1PC9iWuM=",
      "System.Net.NetworkInformation.dll": "sha256-crHND616T4b\/wuqypiTMI9tXwmFio+p0WAX\/Y9n6bQ8=",
      "System.Net.Primitives.dll": "sha256-9uq9cTPod3nFz\/Ooe1RyH45gUr9Ut\/krL81frxkUe94=",
      "System.Net.Sockets.dll": "sha256-mnYHRJmBHKhXtIe5bN9idiFnUWVIcqZxgj9gDQSoUno=",
      "System.Net.WebClient.dll": "sha256-iQJZ6sYVzDsKtCt2drAuMX2gScTvg23hRLhJF+nzUKU=",
      "System.Net.WebSockets.dll": "sha256-ECbnRoEI1NaJpEuSUBv0fNaf+eai3Yirg0hQdQiIlAM=",
      "System.ObjectModel.dll": "sha256-WOM1m2IQDVhFTufOqCg7i4iYm8CIJfNu9LVlDosGh6o=",
      "System.Private.Runtime.InteropServices.JavaScript.dll": "sha256-ZaOj7IMXTJvqYwsBvDUOCaNmlZ8TvMBt\/xWliKObhjQ=",
      "System.Private.Uri.dll": "sha256-KzsvZQp2NV\/qiRP9yWr+feTBZueFMLrrpPMMQxWt7sk=",
      "System.Private.Xml.Linq.dll": "sha256-+zhovQ03uvNYpaz+1BzwMWiQ2KEGJDZB0dOM\/NjYyeg=",
      "System.Private.Xml.dll": "sha256-5xtzkA16FOpTS6tOhC3coHwOPiJdpPJBvMQ61txHFOk=",
      "System.Reflection.Metadata.dll": "sha256-9WK4iQK\/1JqlhIetSM9EYGQtA964+Ha8nf90NZyfv1Q=",
      "System.Runtime.CompilerServices.Unsafe.dll": "sha256-BJjVOUNy2jtzm2hSy8YeVcSWAg2AWkof1dXqk4uLJ+A=",
      "System.Runtime.InteropServices.RuntimeInformation.dll": "sha256-XsqJVVzyAS57uXn7dlHujVDr\/0CZJkPS\/GXVHzosZHQ=",
      "System.Runtime.InteropServices.dll": "sha256-hxN9D3iQk3Ad61hvnb6y7IlDpLxbnOWgHIdrXcWsfnA=",
      "System.Runtime.Numerics.dll": "sha256-P6QmumbqbTxPV6ir7+o79GDtwJYEZsAtrFwRJM1Fnj0=",
      "System.Runtime.Serialization.Formatters.dll": "sha256-i\/\/Nwo77DioF\/Nw\/9vddza6WRo1BCtfvEL5yXvb24wo=",
      "System.Runtime.Serialization.Primitives.dll": "sha256-Tmwql+YPeNKM6YFGhNEnT44GBAQVkEbgxz8ky7KaK9c=",
      "System.Security.AccessControl.dll": "sha256-ks5gKubCrfOJwYLVjhqqHbAvf7MTtrOsA9g8zW7D+l4=",
      "System.Security.Claims.dll": "sha256-yB7vxcygmtM6GH+OW4acqOw\/NiT54z2\/pz\/ZT8E0IUg=",
      "System.Security.Cryptography.Algorithms.dll": "sha256-FDSHWZYOVLL+wTupC3B0ws+SVOQvOOaU5uZipJ9hyvQ=",
      "System.Security.Cryptography.Cng.dll": "sha256-QEPegDcNb4jfdwGdR0BgPRqH1ihccSCo4uCBLHUWdsI=",
      "System.Security.Cryptography.Csp.dll": "sha256-ArQtDomRDaStCgpYrB\/fKv3i8ZHXvjiWK4yu1myNRtQ=",
      "System.Security.Cryptography.Primitives.dll": "sha256-nsZRSHILV1F\/RqeL5jp7\/hVZ50\/W4jZZ+NqDjPm+1pY=",
      "System.Security.Cryptography.X509Certificates.dll": "sha256-58d4GTdTVqr06aj2mawmeMpQb8sTrh9dBRKXBa5WXkE=",
      "System.Security.Principal.Windows.dll": "sha256-xHKU8BGOTfzVROvxczeEq3C+UZtlr\/gqCGOY4\/6fB\/w=",
      "System.Text.Encoding.CodePages.dll": "sha256-FrxDV9cPuKRsGO1oETT01A2lANIF+jJyLma2MsMzHNg=",
      "System.Text.Encodings.Web.dll": "sha256-uNzrEZ4mJOgwSrF2oKFiKqLqoRJWurrZqaIJ29J4Qrk=",
      "System.Text.Json.dll": "sha256-CHNkGuYcWSAUPTZp6uPJeK7myHuwnvjTt0u8XXgjpQQ=",
      "System.Text.RegularExpressions.dll": "sha256-pNKzzUF5odO1Z9My+URJ2VTvPqWTpLQdA52MzacSXqo=",
      "System.Threading.Tasks.Parallel.dll": "sha256-Povb+4aoHuMBRBIBgZBS71DjTO3jRpaypRUNMc2Jbmo=",
      "System.Threading.dll": "sha256-v5L2s7+uUgjzZgOQbal5nRJw7UtrfXJlpNXPhshldBE=",
      "System.Transactions.Local.dll": "sha256-wV5FttnZr0ChRUvxVAbY1CzqYlTDSdmyX+lkVUIJJ0A=",
      "System.Private.CoreLib.dll": "sha256-t8dLb3yNlUbSrRv1WNpPIEvKq62eSxG\/QqTP9cndtPE="
    },
    "lazyAssembly": null,
    "pdb": null,
    "runtime": {
      "dotnet.timezones.blat": "sha256-ibxaSjW7s3aLVssChknhzCpgMTHGu4D48Q9OLP3dfe8=",
      "dotnet.wasm": "sha256-+NqBIg7FTMeA2q0mxzbehfuE2WPrnq53yqLsu47afbY=",
      "icudt.dat": "sha256-m7NyeXyxM+CL04jr9ui1Z6pVfMWwhHusuz5qNZWpAwA=",
      "icudt_CJK.dat": "sha256-91bygK5voY9lG5wxP0\/uj7uH5xljF9u7iWnSldT1Z\/g=",
      "icudt_EFIGS.dat": "sha256-DPfeOLph83b2rdx40cKxIBcfVZ8abTWAFq+RBQMxGw0=",
      "icudt_no_CJK.dat": "sha256-oM7Z6aN9jHmCYqDMCBwFgFAYAGgsH1jLC\/Z6DYeVmmk=",
      "dotnet.5.0.4.js": "sha256-VR9AaflChiwC+KUJnKHaZAMWHeF8tQ1Giwr7XsIRIfw="
    },
    "satelliteResources": {
      "cs": {
        "cs\/Microsoft.CodeAnalysis.resources.dll": "sha256-PwHYvYRxjwXmz88TlvEbkbEfqT5emweyI24NHn6MFtU=",
        "cs\/Microsoft.CodeAnalysis.CSharp.resources.dll": "sha256-NgDMio2DUiuqEPB\/xwJ9PPZO8DtkSjXbkg0ki7rM0w4=",
        "cs\/Microsoft.CodeAnalysis.CSharp.Workspaces.resources.dll": "sha256-SZliqoo2Rn+fromZfi9AWDleZy2DeSiNzPSL9P425is=",
        "cs\/Microsoft.CodeAnalysis.Workspaces.resources.dll": "sha256-KW0IaqKWCXIsN9mT8eJPob2r8K\/pSif2sa2\/r577MYE="
      },
      "de": {
        "de\/Microsoft.CodeAnalysis.resources.dll": "sha256-hXVXYp5Dob7HnTvio+erXHp89v7Fi6ONXA84lzPtP3M=",
        "de\/Microsoft.CodeAnalysis.CSharp.resources.dll": "sha256-\/JQ0i9nu+YPmt\/QJxkjop5yMj1igStIdYaBGWKmxAoM=",
        "de\/Microsoft.CodeAnalysis.CSharp.Workspaces.resources.dll": "sha256-yehjmW0uPBRxgufB+ryer7YT8GD+YQsFHhFyXz5S1mI=",
        "de\/Microsoft.CodeAnalysis.Workspaces.resources.dll": "sha256-qGJnJWcIe73VcluA2z6tgh6owvROwfzYlaLbY5iNK2k="
      },
      "es": {
        "es\/Microsoft.CodeAnalysis.resources.dll": "sha256-Top8K8Swk5kIh972HwLGA0eutPehWftNfJBJgV1rmMs=",
        "es\/Microsoft.CodeAnalysis.CSharp.resources.dll": "sha256-BtAXdVtGB4EpX4qBMpwsK27NCRT728BCcF4o8vDO0s0=",
        "es\/Microsoft.CodeAnalysis.CSharp.Workspaces.resources.dll": "sha256-Ieu6xjtQEl1pcZpZvVCmQEMTY1EHI45OR8A0zcbaBYY=",
        "es\/Microsoft.CodeAnalysis.Workspaces.resources.dll": "sha256-rxzALQywj84jCVQdDSZjzM9Z+Qk1KmMYzU4KWc7nGiI="
      },
      "fr": {
        "fr\/Microsoft.CodeAnalysis.resources.dll": "sha256-yHfw76\/91Z9ook8EkzoN1g6aZI6FTyeT4bic0ex6mVs=",
        "fr\/Microsoft.CodeAnalysis.CSharp.resources.dll": "sha256-sC3W1JM6R14tYpQOEYQVjUo4yeUROWgql0bDadc2GKM=",
        "fr\/Microsoft.CodeAnalysis.CSharp.Workspaces.resources.dll": "sha256-mfpv738af68wzhlTkh4v3VDDTg\/6Crvwd7cK7RQPocY=",
        "fr\/Microsoft.CodeAnalysis.Workspaces.resources.dll": "sha256-9hr4SLemo8dkFn7SeURmNNbSoX4srYnvATyCdIH2hbw="
      },
      "it": {
        "it\/Microsoft.CodeAnalysis.resources.dll": "sha256-qWGDk6WQy8EEE7geNc43q8YFBirZqagrdfDXDdbrpDE=",
        "it\/Microsoft.CodeAnalysis.CSharp.resources.dll": "sha256-jUhuruc8cDD91JgmdTZg970IZ08gIkg1uv7hVnadrX8=",
        "it\/Microsoft.CodeAnalysis.CSharp.Workspaces.resources.dll": "sha256-fwWxAz1QAei2RDutUklP8M4VBnaoduoKhrdazdi2ri8=",
        "it\/Microsoft.CodeAnalysis.Workspaces.resources.dll": "sha256-EqNAvHlQYIsEwprY1WpoRF82HJDonxKQiyT9ZsT9MJQ="
      },
      "ja": {
        "ja\/Microsoft.CodeAnalysis.resources.dll": "sha256-pkMa8Wfrlqgfcn3nq2GraY8gN9k70ECB3cdBvI41ids=",
        "ja\/Microsoft.CodeAnalysis.CSharp.resources.dll": "sha256-w93bV\/HUoTpso4FdVYOPgROghvLoEGse1zAgrZVtYYg=",
        "ja\/Microsoft.CodeAnalysis.CSharp.Workspaces.resources.dll": "sha256-krkgtL5uKn6omPrULnzq7ANa5+RNvfJSExN8HJsOLII=",
        "ja\/Microsoft.CodeAnalysis.Workspaces.resources.dll": "sha256-2n7pUDEe7rv66IBPktN6hKjs0Xgcxd2r8NAJykEIWCc="
      },
      "ko": {
        "ko\/Microsoft.CodeAnalysis.resources.dll": "sha256-OVf14eKDk943ihiL+mK0Ei2\/bMs0cehKZye9jDtwHqE=",
        "ko\/Microsoft.CodeAnalysis.CSharp.resources.dll": "sha256-3GxY8rbK1mLuVLQaDlwEqcVZORTuMxnw2Y6HoOA3kfk=",
        "ko\/Microsoft.CodeAnalysis.CSharp.Workspaces.resources.dll": "sha256-xoANmPkk1I7pFYK1pKuqsTxBy4SK\/rhGOomDmFfEIxw=",
        "ko\/Microsoft.CodeAnalysis.Workspaces.resources.dll": "sha256-Ae2latvCHT1nXIihjeOFeuLeZQmKAn\/REsmLmmJO9\/E="
      },
      "pl": {
        "pl\/Microsoft.CodeAnalysis.resources.dll": "sha256-aJOrYF96wrITULlcND203\/f2109q8VqKSOB9Z91F1Ho=",
        "pl\/Microsoft.CodeAnalysis.CSharp.resources.dll": "sha256-J7SSiLLDltE0fymvJRpd32iLbOtFgZD7RtAOljN5LP8=",
        "pl\/Microsoft.CodeAnalysis.CSharp.Workspaces.resources.dll": "sha256-aVWbhWkyAu+UxnXIfa91bBCM\/Wa51Lyv5IMGq\/lyNas=",
        "pl\/Microsoft.CodeAnalysis.Workspaces.resources.dll": "sha256-GwxPF3jsVJDHPG9jVfzOlxcBWg2XRwfh0z7WXOIQJK4="
      },
      "pt-BR": {
        "pt-BR\/Microsoft.CodeAnalysis.resources.dll": "sha256-AvNNyy0ffExVWznXdZYz+D6iFxSnIpZg\/bDKx1UX+oc=",
        "pt-BR\/Microsoft.CodeAnalysis.CSharp.resources.dll": "sha256-itzx0A8GPUfj7O7xrWuPYVALiQwtt7+nLlj84+w91V8=",
        "pt-BR\/Microsoft.CodeAnalysis.CSharp.Workspaces.resources.dll": "sha256-fPj4mdf1u5xPJCPawpVmXmxW4lUZCBQsWukYCjc98Vk=",
        "pt-BR\/Microsoft.CodeAnalysis.Workspaces.resources.dll": "sha256-IaV2sci+DujvqNwPyGSvYz0TTLyPI6j+Kfe2QlvwSLE="
      },
      "ru": {
        "ru\/Microsoft.CodeAnalysis.resources.dll": "sha256-KjYXtYM0+2y+JzV4KpTHMmBW4g3zm4reQCYPc7nIjAk=",
        "ru\/Microsoft.CodeAnalysis.CSharp.resources.dll": "sha256-9t0yrY5Wek+dlZV+x\/yfIhLH9CHyoLy+qPnWKTDjei4=",
        "ru\/Microsoft.CodeAnalysis.CSharp.Workspaces.resources.dll": "sha256-oYa739ReMdVVU6L\/9kvI9MZAWRJraEa4K1qcEISH9IQ=",
        "ru\/Microsoft.CodeAnalysis.Workspaces.resources.dll": "sha256-rtYQrbYxHyk3vEgyHm0b+El9bYg7axheRiGgKGOfrEI="
      },
      "tr": {
        "tr\/Microsoft.CodeAnalysis.resources.dll": "sha256-\/YZ6U21gQv926K6OnfJ9WQZ31Rlga1yATJErMy\/NEHo=",
        "tr\/Microsoft.CodeAnalysis.CSharp.resources.dll": "sha256-ixP\/BC6Nr\/ITr1SMDlFh00y0wmu7NLM4472ObNi4+1k=",
        "tr\/Microsoft.CodeAnalysis.CSharp.Workspaces.resources.dll": "sha256-oxEV9We46Zczw\/\/d4TxMHkn7KriOzVHesa47nF9PtGY=",
        "tr\/Microsoft.CodeAnalysis.Workspaces.resources.dll": "sha256-6CZXxwPbIgMWHw7l9mH2hKyVtqIF7q7OpnKXuGnjIDo="
      },
      "zh-Hans": {
        "zh-Hans\/Microsoft.CodeAnalysis.resources.dll": "sha256-BIZfESqhfk7jj3eUk6NmsbrvfcWDFEUZArq4RysrW6E=",
        "zh-Hans\/Microsoft.CodeAnalysis.CSharp.resources.dll": "sha256-T+cUlvFMop7jjGm7IJFRMvQ3IqAdpgrQI5Ufbl9+FKQ=",
        "zh-Hans\/Microsoft.CodeAnalysis.CSharp.Workspaces.resources.dll": "sha256-bEGyM0MOtcm49wdcQ6E9QLyx7NSdrP330FRZToQ90SU=",
        "zh-Hans\/Microsoft.CodeAnalysis.Workspaces.resources.dll": "sha256-EQR3eBgoOX19XEPivXE0uM\/Mjni6AIEtye8Ls8bJ4VA="
      },
      "zh-Hant": {
        "zh-Hant\/Microsoft.CodeAnalysis.resources.dll": "sha256-8Mt9Vg+r+R0Mn2PGFj5c8EHHI+Joe9fNdR5CM9eRUzk=",
        "zh-Hant\/Microsoft.CodeAnalysis.CSharp.resources.dll": "sha256-ErsjSszAuBKiwV7uBl2+XtaH51JLBWJrcv4Y4BVgPcE=",
        "zh-Hant\/Microsoft.CodeAnalysis.CSharp.Workspaces.resources.dll": "sha256-ZqoOeE7QWg7N1n0q\/OZg3fqJhgH09JGQvZah\/bfZfU0=",
        "zh-Hant\/Microsoft.CodeAnalysis.Workspaces.resources.dll": "sha256-TUGFLRCYYjwzZHk9EFpSMyI4FcvDki6Uv\/bFaSLhopw="
      }
    }
  }
}